<?xml version="1.0" encoding="UTF-8"?>
<export version="D">
  <design>
    <source>C:\Users\Josip\Google Drive\TVZ\Ostalo\KiCad\RobotskaRuka\RobotskaRuka.sch</source>
    <date>9.8.2021. 14:12:25</date>
    <tool>Eeschema (5.1.10)-1</tool>
    <sheet number="1" name="/" tstamps="/">
      <title_block>
        <title/>
        <company/>
        <rev/>
        <date/>
        <source>RobotskaRuka.sch</source>
        <comment number="1" value=""/>
        <comment number="2" value=""/>
        <comment number="3" value=""/>
        <comment number="4" value=""/>
      </title_block>
    </sheet>
    <sheet number="2" name="/ATmega328p/" tstamps="/60F7D485/">
      <title_block>
        <title/>
        <company/>
        <rev/>
        <date/>
        <source>ATmega328p.sch</source>
        <comment number="1" value=""/>
        <comment number="2" value=""/>
        <comment number="3" value=""/>
        <comment number="4" value=""/>
      </title_block>
    </sheet>
    <sheet number="3" name="/ESP32/" tstamps="/60F8B7D1/">
      <title_block>
        <title/>
        <company/>
        <rev/>
        <date/>
        <source>ESP32.sch</source>
        <comment number="1" value=""/>
        <comment number="2" value=""/>
        <comment number="3" value=""/>
        <comment number="4" value=""/>
      </title_block>
    </sheet>
    <sheet number="4" name="/TCA9548A/" tstamps="/60F12F01/">
      <title_block>
        <title/>
        <company/>
        <rev/>
        <date/>
        <source>TCA9548A.sch</source>
        <comment number="1" value=""/>
        <comment number="2" value=""/>
        <comment number="3" value=""/>
        <comment number="4" value=""/>
      </title_block>
    </sheet>
    <sheet number="5" name="/INA219/" tstamps="/60F29ADD/">
      <title_block>
        <title/>
        <company/>
        <rev/>
        <date/>
        <source>INA219.sch</source>
        <comment number="1" value=""/>
        <comment number="2" value=""/>
        <comment number="3" value=""/>
        <comment number="4" value=""/>
      </title_block>
    </sheet>
    <sheet number="6" name="/PCA9685/" tstamps="/60F9D8AB/">
      <title_block>
        <title/>
        <company/>
        <rev/>
        <date/>
        <source>PCA9685.sch</source>
        <comment number="1" value=""/>
        <comment number="2" value=""/>
        <comment number="3" value=""/>
        <comment number="4" value=""/>
      </title_block>
    </sheet>
  </design>
  <components>
    <comp ref="U1">
      <value>AMS1117-3.3</value>
      <footprint>Package_TO_SOT_SMD:SOT-223-3_TabPin2</footprint>
      <datasheet>http://www.advanced-monolithic.com/pdf/ds1117.pdf</datasheet>
      <libsource lib="Regulator_Linear" part="AMS1117-3.3" description="1A Low Dropout regulator, positive, 3.3V fixed output, SOT-223"/>
      <sheetpath names="/" tstamps="/"/>
      <tstamp>60AE0BDF</tstamp>
    </comp>
    <comp ref="C4">
      <value>1u</value>
      <footprint>Capacitor_SMD:C_0805_2012Metric</footprint>
      <datasheet>~</datasheet>
      <libsource lib="Device" part="CP_Small" description="Polarized capacitor, small symbol"/>
      <sheetpath names="/" tstamps="/"/>
      <tstamp>60AE1D44</tstamp>
    </comp>
    <comp ref="C3">
      <value>4u7</value>
      <footprint>Capacitor_SMD:CP_Elec_4x5.4</footprint>
      <datasheet>~</datasheet>
      <libsource lib="Device" part="CP_Small" description="Polarized capacitor, small symbol"/>
      <sheetpath names="/" tstamps="/"/>
      <tstamp>60AF48B7</tstamp>
    </comp>
    <comp ref="C2">
      <value>1u</value>
      <footprint>Capacitor_SMD:C_0805_2012Metric</footprint>
      <datasheet>~</datasheet>
      <libsource lib="Device" part="CP_Small" description="Polarized capacitor, small symbol"/>
      <sheetpath names="/" tstamps="/"/>
      <tstamp>60AFB312</tstamp>
    </comp>
    <comp ref="C1">
      <value>4u7</value>
      <footprint>Capacitor_SMD:CP_Elec_4x5.4</footprint>
      <datasheet>~</datasheet>
      <libsource lib="Device" part="CP_Small" description="Polarized capacitor, small symbol"/>
      <sheetpath names="/" tstamps="/"/>
      <tstamp>60AFB329</tstamp>
    </comp>
    <comp ref="H1">
      <value>MountingHole</value>
      <footprint>MountingHole:MountingHole_3.2mm_M3_Pad_Via</footprint>
      <datasheet>~</datasheet>
      <libsource lib="Mechanical" part="MountingHole" description="Mounting Hole without connection"/>
      <sheetpath names="/" tstamps="/"/>
      <tstamp>60AFEEE7</tstamp>
    </comp>
    <comp ref="H2">
      <value>MountingHole</value>
      <footprint>MountingHole:MountingHole_3.2mm_M3_Pad_Via</footprint>
      <datasheet>~</datasheet>
      <libsource lib="Mechanical" part="MountingHole" description="Mounting Hole without connection"/>
      <sheetpath names="/" tstamps="/"/>
      <tstamp>60AFFA44</tstamp>
    </comp>
    <comp ref="H3">
      <value>MountingHole</value>
      <footprint>MountingHole:MountingHole_3.2mm_M3_Pad_Via</footprint>
      <datasheet>~</datasheet>
      <libsource lib="Mechanical" part="MountingHole" description="Mounting Hole without connection"/>
      <sheetpath names="/" tstamps="/"/>
      <tstamp>60B030D7</tstamp>
    </comp>
    <comp ref="H4">
      <value>MountingHole</value>
      <footprint>MountingHole:MountingHole_3.2mm_M3_Pad_Via</footprint>
      <datasheet>~</datasheet>
      <libsource lib="Mechanical" part="MountingHole" description="Mounting Hole without connection"/>
      <sheetpath names="/" tstamps="/"/>
      <tstamp>60B06912</tstamp>
    </comp>
    <comp ref="J1">
      <value>5V KON</value>
      <footprint>TerminalBlock_Phoenix:TerminalBlock_Phoenix_MKDS-1,5-2-5.08_1x02_P5.08mm_Horizontal</footprint>
      <datasheet>~</datasheet>
      <libsource lib="Connector" part="Screw_Terminal_01x02" description="Generic screw terminal, single row, 01x02, script generated (kicad-library-utils/schlib/autogen/connector/)"/>
      <sheetpath names="/" tstamps="/"/>
      <tstamp>60A6DD9B</tstamp>
    </comp>
    <comp ref="R1">
      <value>470</value>
      <footprint>Resistor_SMD:R_0805_2012Metric</footprint>
      <datasheet>~</datasheet>
      <libsource lib="Device" part="R_Small" description="Resistor, small symbol"/>
      <sheetpath names="/" tstamps="/"/>
      <tstamp>60F22035</tstamp>
    </comp>
    <comp ref="D1">
      <value>RED</value>
      <footprint>LED_SMD:LED_0805_2012Metric</footprint>
      <datasheet>~</datasheet>
      <libsource lib="Device" part="LED_Small" description="Light emitting diode, small symbol"/>
      <sheetpath names="/" tstamps="/"/>
      <tstamp>60F22B31</tstamp>
    </comp>
    <comp ref="C6">
      <value>100n</value>
      <footprint>Capacitor_SMD:C_0805_2012Metric</footprint>
      <datasheet>~</datasheet>
      <libsource lib="Device" part="C_Small" description="Unpolarized capacitor, small symbol"/>
      <sheetpath names="/ATmega328p/" tstamps="/60F7D485/"/>
      <tstamp>60F844A5</tstamp>
    </comp>
    <comp ref="R2">
      <value>10k</value>
      <footprint>Resistor_SMD:R_0805_2012Metric</footprint>
      <datasheet>~</datasheet>
      <libsource lib="Device" part="R_Small" description="Resistor, small symbol"/>
      <sheetpath names="/ATmega328p/" tstamps="/60F7D485/"/>
      <tstamp>60F844BE</tstamp>
    </comp>
    <comp ref="J2">
      <value>Prog</value>
      <footprint>Connector_PinHeader_2.54mm:PinHeader_1x04_P2.54mm_Horizontal</footprint>
      <datasheet>~</datasheet>
      <libsource lib="Connector" part="Conn_01x04_Male" description="Generic connector, single row, 01x04, script generated (kicad-library-utils/schlib/autogen/connector/)"/>
      <sheetpath names="/ATmega328p/" tstamps="/60F7D485/"/>
      <tstamp>60F844CC</tstamp>
    </comp>
    <comp ref="C5">
      <value>100n</value>
      <footprint>Capacitor_SMD:C_0805_2012Metric</footprint>
      <datasheet>~</datasheet>
      <libsource lib="Device" part="C_Small" description="Unpolarized capacitor, small symbol"/>
      <sheetpath names="/ATmega328p/" tstamps="/60F7D485/"/>
      <tstamp>60F844DD</tstamp>
    </comp>
    <comp ref="C8">
      <value>22p</value>
      <footprint>Capacitor_SMD:C_0805_2012Metric</footprint>
      <datasheet>~</datasheet>
      <libsource lib="Device" part="C_Small" description="Unpolarized capacitor, small symbol"/>
      <sheetpath names="/ATmega328p/" tstamps="/60F7D485/"/>
      <tstamp>60F844EA</tstamp>
    </comp>
    <comp ref="Y1">
      <value>16MHz</value>
      <footprint>Crystal:Crystal_HC49-4H_Vertical</footprint>
      <datasheet>~</datasheet>
      <libsource lib="Device" part="Crystal" description="Two pin crystal"/>
      <sheetpath names="/ATmega328p/" tstamps="/60F7D485/"/>
      <tstamp>60F844F6</tstamp>
    </comp>
    <comp ref="C7">
      <value>22p</value>
      <footprint>Capacitor_SMD:C_0805_2012Metric</footprint>
      <datasheet>~</datasheet>
      <libsource lib="Device" part="C_Small" description="Unpolarized capacitor, small symbol"/>
      <sheetpath names="/ATmega328p/" tstamps="/60F7D485/"/>
      <tstamp>60F844FF</tstamp>
    </comp>
    <comp ref="U2">
      <value>ATmega328P-AU</value>
      <footprint>Package_QFP:TQFP-32_7x7mm_P0.8mm</footprint>
      <datasheet>http://ww1.microchip.com/downloads/en/DeviceDoc/ATmega328_P%20AVR%20MCU%20with%20picoPower%20Technology%20Data%20Sheet%2040001984A.pdf</datasheet>
      <libsource lib="MCU_Microchip_ATmega" part="ATmega328P-AU" description="20MHz, 32kB Flash, 2kB SRAM, 1kB EEPROM, TQFP-32"/>
      <sheetpath names="/ATmega328p/" tstamps="/60F7D485/"/>
      <tstamp>60F8451F</tstamp>
    </comp>
    <comp ref="J3">
      <value>Conn_01x05_Male</value>
      <footprint>Connector_PinHeader_2.54mm:PinHeader_1x05_P2.54mm_Horizontal</footprint>
      <datasheet>~</datasheet>
      <libsource lib="Connector" part="Conn_01x05_Male" description="Generic connector, single row, 01x05, script generated (kicad-library-utils/schlib/autogen/connector/)"/>
      <sheetpath names="/ATmega328p/" tstamps="/60F7D485/"/>
      <tstamp>60FB1DAA</tstamp>
    </comp>
    <comp ref="U3">
      <value>ESP32-WROOM-32D</value>
      <footprint>RF_Module:ESP32-WROOM-32</footprint>
      <datasheet>https://www.espressif.com/sites/default/files/documentation/esp32-wroom-32d_esp32-wroom-32u_datasheet_en.pdf</datasheet>
      <fields>
        <field name="LCSC Part #">C473012</field>
      </fields>
      <libsource lib="RF_Module" part="ESP32-WROOM-32D" description="RF Module, ESP32-D0WD SoC, Wi-Fi 802.11b/g/n, Bluetooth, BLE, 32-bit, 2.7-3.6V, onboard antenna, SMD"/>
      <sheetpath names="/ESP32/" tstamps="/60F8B7D1/"/>
      <tstamp>5F1164B5</tstamp>
    </comp>
    <comp ref="R3">
      <value>10k</value>
      <footprint>Resistor_SMD:R_0805_2012Metric</footprint>
      <datasheet>~</datasheet>
      <fields>
        <field name="LCSC Part #">C100047</field>
      </fields>
      <libsource lib="Device" part="R_Small" description="Resistor, small symbol"/>
      <sheetpath names="/ESP32/" tstamps="/60F8B7D1/"/>
      <tstamp>5F12094E</tstamp>
    </comp>
    <comp ref="C10">
      <value>1u/50V</value>
      <footprint>Capacitor_SMD:C_0805_2012Metric</footprint>
      <datasheet>~</datasheet>
      <fields>
        <field name="LCSC Part #">C342759</field>
      </fields>
      <libsource lib="Device" part="C_Small" description="Unpolarized capacitor, small symbol"/>
      <sheetpath names="/ESP32/" tstamps="/60F8B7D1/"/>
      <tstamp>5F12765E</tstamp>
    </comp>
    <comp ref="SW1">
      <value>RESET</value>
      <footprint>Button_Switch_THT:SW_Tactile_SPST_Angled_PTS645Vx39-2LFS</footprint>
      <datasheet>~</datasheet>
      <fields>
        <field name="LCSC Part #">C285519</field>
      </fields>
      <libsource lib="Switch" part="SW_Push" description="Push button switch, generic, two pins"/>
      <sheetpath names="/ESP32/" tstamps="/60F8B7D1/"/>
      <tstamp>5F1CC41A</tstamp>
    </comp>
    <comp ref="R4">
      <value>10k</value>
      <footprint>Resistor_SMD:R_0805_2012Metric</footprint>
      <datasheet>~</datasheet>
      <fields>
        <field name="LCSC Part #">C100047</field>
      </fields>
      <libsource lib="Device" part="R_Small" description="Resistor, small symbol"/>
      <sheetpath names="/ESP32/" tstamps="/60F8B7D1/"/>
      <tstamp>5F9D7FD8</tstamp>
    </comp>
    <comp ref="R5">
      <value>10k</value>
      <footprint>Resistor_SMD:R_0805_2012Metric</footprint>
      <datasheet>~</datasheet>
      <fields>
        <field name="LCSC Part #">C100047</field>
      </fields>
      <libsource lib="Device" part="R_Small" description="Resistor, small symbol"/>
      <sheetpath names="/ESP32/" tstamps="/60F8B7D1/"/>
      <tstamp>5F9D9117</tstamp>
    </comp>
    <comp ref="Q2">
      <value>S8050</value>
      <footprint>Package_TO_SOT_SMD:SOT-23</footprint>
      <datasheet>~</datasheet>
      <fields>
        <field name="LCSC Part #">C380921</field>
      </fields>
      <libsource lib="Device" part="Q_NPN_BEC" description="NPN transistor, base/emitter/collector"/>
      <sheetpath names="/ESP32/" tstamps="/60F8B7D1/"/>
      <tstamp>5F9E906F</tstamp>
    </comp>
    <comp ref="Q3">
      <value>S8050</value>
      <footprint>Package_TO_SOT_SMD:SOT-23</footprint>
      <datasheet>~</datasheet>
      <fields>
        <field name="LCSC Part #">C380921</field>
      </fields>
      <libsource lib="Device" part="Q_NPN_BEC" description="NPN transistor, base/emitter/collector"/>
      <sheetpath names="/ESP32/" tstamps="/60F8B7D1/"/>
      <tstamp>5F9EA9DB</tstamp>
    </comp>
    <comp ref="C9">
      <value>100n/50V</value>
      <footprint>Capacitor_SMD:C_0805_2012Metric</footprint>
      <datasheet>~</datasheet>
      <fields>
        <field name="LCSC Part #">C415304</field>
      </fields>
      <libsource lib="Device" part="C_Small" description="Unpolarized capacitor, small symbol"/>
      <sheetpath names="/ESP32/" tstamps="/60F8B7D1/"/>
      <tstamp>5F118E56</tstamp>
    </comp>
    <comp ref="C11">
      <value>1000u</value>
      <footprint>Capacitor_Tantalum_SMD:CP_EIA-7343-31_Kemet-D</footprint>
      <datasheet>~</datasheet>
      <fields>
        <field name="LCSC Part #">C403807</field>
      </fields>
      <libsource lib="Device" part="CP_Small" description="Polarized capacitor, small symbol"/>
      <sheetpath names="/ESP32/" tstamps="/60F8B7D1/"/>
      <tstamp>5F1197DE</tstamp>
    </comp>
    <comp ref="J7">
      <value>Conn_01x05</value>
      <footprint>Connector_PinHeader_2.54mm:PinHeader_1x05_P2.54mm_Horizontal</footprint>
      <datasheet>~</datasheet>
      <libsource lib="Connector" part="Conn_01x05_Male" description="Generic connector, single row, 01x05, script generated (kicad-library-utils/schlib/autogen/connector/)"/>
      <sheetpath names="/ESP32/" tstamps="/60F8B7D1/"/>
      <tstamp>60F0C83E</tstamp>
    </comp>
    <comp ref="J4">
      <value>Conn_01x04</value>
      <footprint>Connector_PinHeader_2.54mm:PinHeader_1x04_P2.54mm_Horizontal</footprint>
      <datasheet>~</datasheet>
      <libsource lib="Connector" part="Conn_01x04_Male" description="Generic connector, single row, 01x04, script generated (kicad-library-utils/schlib/autogen/connector/)"/>
      <sheetpath names="/ESP32/" tstamps="/60F8B7D1/"/>
      <tstamp>60FC5D63</tstamp>
    </comp>
    <comp ref="J6">
      <value>Conn_01x02</value>
      <footprint>Connector_PinHeader_2.54mm:PinHeader_1x02_P2.54mm_Horizontal</footprint>
      <datasheet>~</datasheet>
      <libsource lib="Connector" part="Conn_01x02_Male" description="Generic connector, single row, 01x02, script generated (kicad-library-utils/schlib/autogen/connector/)"/>
      <sheetpath names="/ESP32/" tstamps="/60F8B7D1/"/>
      <tstamp>60FD02CC</tstamp>
    </comp>
    <comp ref="J5">
      <value>Conn_01x02</value>
      <footprint>Connector_PinHeader_2.54mm:PinHeader_1x02_P2.54mm_Horizontal</footprint>
      <datasheet>~</datasheet>
      <libsource lib="Connector" part="Conn_01x02_Male" description="Generic connector, single row, 01x02, script generated (kicad-library-utils/schlib/autogen/connector/)"/>
      <sheetpath names="/ESP32/" tstamps="/60F8B7D1/"/>
      <tstamp>60FD96F4</tstamp>
    </comp>
    <comp ref="U4">
      <value>TCA9548APWR</value>
      <footprint>Package_SO:TSSOP-24_4.4x7.8mm_P0.65mm</footprint>
      <datasheet>http://www.ti.com/lit/ds/symlink/tca9548a.pdf</datasheet>
      <libsource lib="Interface_Expansion" part="TCA9548APWR" description="Low voltage 8-channel I2C switch with reset, TSSOP-24"/>
      <sheetpath names="/TCA9548A/" tstamps="/60F12F01/"/>
      <tstamp>60F135DE</tstamp>
    </comp>
    <comp ref="R8">
      <value>10k</value>
      <footprint>Resistor_SMD:R_0805_2012Metric</footprint>
      <datasheet>~</datasheet>
      <libsource lib="Device" part="R_Small" description="Resistor, small symbol"/>
      <sheetpath names="/TCA9548A/" tstamps="/60F12F01/"/>
      <tstamp>60F1868F</tstamp>
    </comp>
    <comp ref="R6">
      <value>10k</value>
      <footprint>Resistor_SMD:R_0805_2012Metric</footprint>
      <datasheet>~</datasheet>
      <libsource lib="Device" part="R_Small" description="Resistor, small symbol"/>
      <sheetpath names="/TCA9548A/" tstamps="/60F12F01/"/>
      <tstamp>60F1BB0F</tstamp>
    </comp>
    <comp ref="R7">
      <value>10k</value>
      <footprint>Resistor_SMD:R_0805_2012Metric</footprint>
      <datasheet>~</datasheet>
      <libsource lib="Device" part="R_Small" description="Resistor, small symbol"/>
      <sheetpath names="/TCA9548A/" tstamps="/60F12F01/"/>
      <tstamp>60F1E8AD</tstamp>
    </comp>
    <comp ref="C12">
      <value>10u</value>
      <footprint>Capacitor_SMD:C_0805_2012Metric</footprint>
      <datasheet>~</datasheet>
      <libsource lib="Device" part="C_Small" description="Unpolarized capacitor, small symbol"/>
      <sheetpath names="/TCA9548A/" tstamps="/60F12F01/"/>
      <tstamp>60F23FA2</tstamp>
    </comp>
    <comp ref="R9">
      <value>10k</value>
      <footprint>Resistor_SMD:R_0805_2012Metric</footprint>
      <datasheet>~</datasheet>
      <libsource lib="Device" part="R_Small" description="Resistor, small symbol"/>
      <sheetpath names="/TCA9548A/" tstamps="/60F12F01/"/>
      <tstamp>60F25983</tstamp>
    </comp>
    <comp ref="R10">
      <value>10k</value>
      <footprint>Resistor_SMD:R_0805_2012Metric</footprint>
      <datasheet>~</datasheet>
      <libsource lib="Device" part="R_Small" description="Resistor, small symbol"/>
      <sheetpath names="/TCA9548A/" tstamps="/60F12F01/"/>
      <tstamp>60F2664A</tstamp>
    </comp>
    <comp ref="R11">
      <value>10k</value>
      <footprint>Resistor_SMD:R_0805_2012Metric</footprint>
      <datasheet>~</datasheet>
      <libsource lib="Device" part="R_Small" description="Resistor, small symbol"/>
      <sheetpath names="/TCA9548A/" tstamps="/60F12F01/"/>
      <tstamp>60F26898</tstamp>
    </comp>
    <comp ref="U5">
      <value>INA219AxDCN</value>
      <footprint>Package_TO_SOT_SMD:SOT-23-8</footprint>
      <datasheet>http://www.ti.com/lit/ds/symlink/ina219.pdf</datasheet>
      <libsource lib="Analog_ADC" part="INA219AxDCN" description="Zero-Drift, Bidirectional Current/Power Monitor (0-26V) With I2C Interface, SOT-23-8"/>
      <sheetpath names="/INA219/" tstamps="/60F29ADD/"/>
      <tstamp>60F2A051</tstamp>
    </comp>
    <comp ref="R15">
      <value>10k</value>
      <footprint>Resistor_SMD:R_0805_2012Metric</footprint>
      <datasheet>~</datasheet>
      <libsource lib="Device" part="R_Small" description="Resistor, small symbol"/>
      <sheetpath names="/INA219/" tstamps="/60F29ADD/"/>
      <tstamp>60F2B156</tstamp>
    </comp>
    <comp ref="R18">
      <value>10k</value>
      <footprint>Resistor_SMD:R_0805_2012Metric</footprint>
      <datasheet>~</datasheet>
      <libsource lib="Device" part="R_Small" description="Resistor, small symbol"/>
      <sheetpath names="/INA219/" tstamps="/60F29ADD/"/>
      <tstamp>60F2C21B</tstamp>
    </comp>
    <comp ref="C13">
      <value>100n</value>
      <footprint>Capacitor_SMD:C_0805_2012Metric</footprint>
      <datasheet>~</datasheet>
      <libsource lib="Device" part="C_Small" description="Unpolarized capacitor, small symbol"/>
      <sheetpath names="/INA219/" tstamps="/60F29ADD/"/>
      <tstamp>60F34714</tstamp>
    </comp>
    <comp ref="R12">
      <value>R100</value>
      <footprint>Resistor_SMD:R_2512_6332Metric</footprint>
      <datasheet>~</datasheet>
      <libsource lib="Device" part="R" description="Resistor"/>
      <sheetpath names="/INA219/" tstamps="/60F29ADD/"/>
      <tstamp>60F353F9</tstamp>
    </comp>
    <comp ref="J8">
      <value>Conn_01x03_Male</value>
      <footprint>Connector_PinHeader_2.54mm:PinHeader_1x03_P2.54mm_Horizontal</footprint>
      <datasheet>~</datasheet>
      <libsource lib="Connector" part="Conn_01x03_Male" description="Generic connector, single row, 01x03, script generated (kicad-library-utils/schlib/autogen/connector/)"/>
      <sheetpath names="/INA219/" tstamps="/60F29ADD/"/>
      <tstamp>60F3678B</tstamp>
    </comp>
    <comp ref="R22">
      <value>10k</value>
      <footprint>Resistor_SMD:R_0805_2012Metric</footprint>
      <datasheet>~</datasheet>
      <libsource lib="Device" part="R_Small" description="Resistor, small symbol"/>
      <sheetpath names="/INA219/" tstamps="/60F29ADD/"/>
      <tstamp>60F39598</tstamp>
    </comp>
    <comp ref="U6">
      <value>INA219AxDCN</value>
      <footprint>Package_TO_SOT_SMD:SOT-23-8</footprint>
      <datasheet>http://www.ti.com/lit/ds/symlink/ina219.pdf</datasheet>
      <libsource lib="Analog_ADC" part="INA219AxDCN" description="Zero-Drift, Bidirectional Current/Power Monitor (0-26V) With I2C Interface, SOT-23-8"/>
      <sheetpath names="/INA219/" tstamps="/60F29ADD/"/>
      <tstamp>60F6AD27</tstamp>
    </comp>
    <comp ref="R16">
      <value>10k</value>
      <footprint>Resistor_SMD:R_0805_2012Metric</footprint>
      <datasheet>~</datasheet>
      <libsource lib="Device" part="R_Small" description="Resistor, small symbol"/>
      <sheetpath names="/INA219/" tstamps="/60F29ADD/"/>
      <tstamp>60F6AD34</tstamp>
    </comp>
    <comp ref="R19">
      <value>10k</value>
      <footprint>Resistor_SMD:R_0805_2012Metric</footprint>
      <datasheet>~</datasheet>
      <libsource lib="Device" part="R_Small" description="Resistor, small symbol"/>
      <sheetpath names="/INA219/" tstamps="/60F29ADD/"/>
      <tstamp>60F6AD3C</tstamp>
    </comp>
    <comp ref="C14">
      <value>100n</value>
      <footprint>Capacitor_SMD:C_0805_2012Metric</footprint>
      <datasheet>~</datasheet>
      <libsource lib="Device" part="C_Small" description="Unpolarized capacitor, small symbol"/>
      <sheetpath names="/INA219/" tstamps="/60F29ADD/"/>
      <tstamp>60F6AD58</tstamp>
    </comp>
    <comp ref="R13">
      <value>R100</value>
      <footprint>Resistor_SMD:R_2512_6332Metric</footprint>
      <datasheet>~</datasheet>
      <libsource lib="Device" part="R" description="Resistor"/>
      <sheetpath names="/INA219/" tstamps="/60F29ADD/"/>
      <tstamp>60F6AD6A</tstamp>
    </comp>
    <comp ref="J9">
      <value>Conn_01x03_Male</value>
      <footprint>Connector_PinHeader_2.54mm:PinHeader_1x03_P2.54mm_Horizontal</footprint>
      <datasheet>~</datasheet>
      <libsource lib="Connector" part="Conn_01x03_Male" description="Generic connector, single row, 01x03, script generated (kicad-library-utils/schlib/autogen/connector/)"/>
      <sheetpath names="/INA219/" tstamps="/60F29ADD/"/>
      <tstamp>60F6AD70</tstamp>
    </comp>
    <comp ref="R23">
      <value>10k</value>
      <footprint>Resistor_SMD:R_0805_2012Metric</footprint>
      <datasheet>~</datasheet>
      <libsource lib="Device" part="R_Small" description="Resistor, small symbol"/>
      <sheetpath names="/INA219/" tstamps="/60F29ADD/"/>
      <tstamp>60F6AD83</tstamp>
    </comp>
    <comp ref="R24">
      <value>10k</value>
      <footprint>Resistor_SMD:R_0805_2012Metric</footprint>
      <datasheet>~</datasheet>
      <libsource lib="Device" part="R_Small" description="Resistor, small symbol"/>
      <sheetpath names="/INA219/" tstamps="/60F29ADD/"/>
      <tstamp>60F6AD92</tstamp>
    </comp>
    <comp ref="U7">
      <value>INA219AxDCN</value>
      <footprint>Package_TO_SOT_SMD:SOT-23-8</footprint>
      <datasheet>http://www.ti.com/lit/ds/symlink/ina219.pdf</datasheet>
      <libsource lib="Analog_ADC" part="INA219AxDCN" description="Zero-Drift, Bidirectional Current/Power Monitor (0-26V) With I2C Interface, SOT-23-8"/>
      <sheetpath names="/INA219/" tstamps="/60F29ADD/"/>
      <tstamp>60F7D3F1</tstamp>
    </comp>
    <comp ref="R17">
      <value>10k</value>
      <footprint>Resistor_SMD:R_0805_2012Metric</footprint>
      <datasheet>~</datasheet>
      <libsource lib="Device" part="R_Small" description="Resistor, small symbol"/>
      <sheetpath names="/INA219/" tstamps="/60F29ADD/"/>
      <tstamp>60F7D3FE</tstamp>
    </comp>
    <comp ref="R20">
      <value>10k</value>
      <footprint>Resistor_SMD:R_0805_2012Metric</footprint>
      <datasheet>~</datasheet>
      <libsource lib="Device" part="R_Small" description="Resistor, small symbol"/>
      <sheetpath names="/INA219/" tstamps="/60F29ADD/"/>
      <tstamp>60F7D406</tstamp>
    </comp>
    <comp ref="C15">
      <value>100n</value>
      <footprint>Capacitor_SMD:C_0805_2012Metric</footprint>
      <datasheet>~</datasheet>
      <libsource lib="Device" part="C_Small" description="Unpolarized capacitor, small symbol"/>
      <sheetpath names="/INA219/" tstamps="/60F29ADD/"/>
      <tstamp>60F7D422</tstamp>
    </comp>
    <comp ref="R14">
      <value>R100</value>
      <footprint>Resistor_SMD:R_2512_6332Metric</footprint>
      <datasheet>~</datasheet>
      <libsource lib="Device" part="R" description="Resistor"/>
      <sheetpath names="/INA219/" tstamps="/60F29ADD/"/>
      <tstamp>60F7D434</tstamp>
    </comp>
    <comp ref="J10">
      <value>Conn_01x03_Male</value>
      <footprint>Connector_PinHeader_2.54mm:PinHeader_1x03_P2.54mm_Horizontal</footprint>
      <datasheet>~</datasheet>
      <libsource lib="Connector" part="Conn_01x03_Male" description="Generic connector, single row, 01x03, script generated (kicad-library-utils/schlib/autogen/connector/)"/>
      <sheetpath names="/INA219/" tstamps="/60F29ADD/"/>
      <tstamp>60F7D43A</tstamp>
    </comp>
    <comp ref="R25">
      <value>10k</value>
      <footprint>Resistor_SMD:R_0805_2012Metric</footprint>
      <datasheet>~</datasheet>
      <libsource lib="Device" part="R_Small" description="Resistor, small symbol"/>
      <sheetpath names="/INA219/" tstamps="/60F29ADD/"/>
      <tstamp>60F7D44D</tstamp>
    </comp>
    <comp ref="R26">
      <value>10k</value>
      <footprint>Resistor_SMD:R_0805_2012Metric</footprint>
      <datasheet>~</datasheet>
      <libsource lib="Device" part="R_Small" description="Resistor, small symbol"/>
      <sheetpath names="/INA219/" tstamps="/60F29ADD/"/>
      <tstamp>60F7D45C</tstamp>
    </comp>
    <comp ref="U8">
      <value>INA219AxDCN</value>
      <footprint>Package_TO_SOT_SMD:SOT-23-8</footprint>
      <datasheet>http://www.ti.com/lit/ds/symlink/ina219.pdf</datasheet>
      <libsource lib="Analog_ADC" part="INA219AxDCN" description="Zero-Drift, Bidirectional Current/Power Monitor (0-26V) With I2C Interface, SOT-23-8"/>
      <sheetpath names="/INA219/" tstamps="/60F29ADD/"/>
      <tstamp>60F92D97</tstamp>
    </comp>
    <comp ref="R30">
      <value>10k</value>
      <footprint>Resistor_SMD:R_0805_2012Metric</footprint>
      <datasheet>~</datasheet>
      <libsource lib="Device" part="R_Small" description="Resistor, small symbol"/>
      <sheetpath names="/INA219/" tstamps="/60F29ADD/"/>
      <tstamp>60F92DA4</tstamp>
    </comp>
    <comp ref="R33">
      <value>10k</value>
      <footprint>Resistor_SMD:R_0805_2012Metric</footprint>
      <datasheet>~</datasheet>
      <libsource lib="Device" part="R_Small" description="Resistor, small symbol"/>
      <sheetpath names="/INA219/" tstamps="/60F29ADD/"/>
      <tstamp>60F92DAC</tstamp>
    </comp>
    <comp ref="C16">
      <value>100n</value>
      <footprint>Capacitor_SMD:C_0805_2012Metric</footprint>
      <datasheet>~</datasheet>
      <libsource lib="Device" part="C_Small" description="Unpolarized capacitor, small symbol"/>
      <sheetpath names="/INA219/" tstamps="/60F29ADD/"/>
      <tstamp>60F92DC8</tstamp>
    </comp>
    <comp ref="R27">
      <value>R100</value>
      <footprint>Resistor_SMD:R_2512_6332Metric</footprint>
      <datasheet>~</datasheet>
      <libsource lib="Device" part="R" description="Resistor"/>
      <sheetpath names="/INA219/" tstamps="/60F29ADD/"/>
      <tstamp>60F92DDA</tstamp>
    </comp>
    <comp ref="J11">
      <value>Conn_01x03_Male</value>
      <footprint>Connector_PinHeader_2.54mm:PinHeader_1x03_P2.54mm_Horizontal</footprint>
      <datasheet>~</datasheet>
      <libsource lib="Connector" part="Conn_01x03_Male" description="Generic connector, single row, 01x03, script generated (kicad-library-utils/schlib/autogen/connector/)"/>
      <sheetpath names="/INA219/" tstamps="/60F29ADD/"/>
      <tstamp>60F92DE0</tstamp>
    </comp>
    <comp ref="R36">
      <value>10k</value>
      <footprint>Resistor_SMD:R_0805_2012Metric</footprint>
      <datasheet>~</datasheet>
      <libsource lib="Device" part="R_Small" description="Resistor, small symbol"/>
      <sheetpath names="/INA219/" tstamps="/60F29ADD/"/>
      <tstamp>60F92DF3</tstamp>
    </comp>
    <comp ref="R37">
      <value>10k</value>
      <footprint>Resistor_SMD:R_0805_2012Metric</footprint>
      <datasheet>~</datasheet>
      <libsource lib="Device" part="R_Small" description="Resistor, small symbol"/>
      <sheetpath names="/INA219/" tstamps="/60F29ADD/"/>
      <tstamp>60F92E02</tstamp>
    </comp>
    <comp ref="U9">
      <value>INA219AxDCN</value>
      <footprint>Package_TO_SOT_SMD:SOT-23-8</footprint>
      <datasheet>http://www.ti.com/lit/ds/symlink/ina219.pdf</datasheet>
      <libsource lib="Analog_ADC" part="INA219AxDCN" description="Zero-Drift, Bidirectional Current/Power Monitor (0-26V) With I2C Interface, SOT-23-8"/>
      <sheetpath names="/INA219/" tstamps="/60F29ADD/"/>
      <tstamp>60F92E30</tstamp>
    </comp>
    <comp ref="R31">
      <value>10k</value>
      <footprint>Resistor_SMD:R_0805_2012Metric</footprint>
      <datasheet>~</datasheet>
      <libsource lib="Device" part="R_Small" description="Resistor, small symbol"/>
      <sheetpath names="/INA219/" tstamps="/60F29ADD/"/>
      <tstamp>60F92E3D</tstamp>
    </comp>
    <comp ref="R34">
      <value>10k</value>
      <footprint>Resistor_SMD:R_0805_2012Metric</footprint>
      <datasheet>~</datasheet>
      <libsource lib="Device" part="R_Small" description="Resistor, small symbol"/>
      <sheetpath names="/INA219/" tstamps="/60F29ADD/"/>
      <tstamp>60F92E45</tstamp>
    </comp>
    <comp ref="C17">
      <value>100n</value>
      <footprint>Capacitor_SMD:C_0805_2012Metric</footprint>
      <datasheet>~</datasheet>
      <libsource lib="Device" part="C_Small" description="Unpolarized capacitor, small symbol"/>
      <sheetpath names="/INA219/" tstamps="/60F29ADD/"/>
      <tstamp>60F92E61</tstamp>
    </comp>
    <comp ref="R28">
      <value>R100</value>
      <footprint>Resistor_SMD:R_2512_6332Metric</footprint>
      <datasheet>~</datasheet>
      <libsource lib="Device" part="R" description="Resistor"/>
      <sheetpath names="/INA219/" tstamps="/60F29ADD/"/>
      <tstamp>60F92E73</tstamp>
    </comp>
    <comp ref="J12">
      <value>Conn_01x03_Male</value>
      <footprint>Connector_PinHeader_2.54mm:PinHeader_1x03_P2.54mm_Horizontal</footprint>
      <datasheet>~</datasheet>
      <libsource lib="Connector" part="Conn_01x03_Male" description="Generic connector, single row, 01x03, script generated (kicad-library-utils/schlib/autogen/connector/)"/>
      <sheetpath names="/INA219/" tstamps="/60F29ADD/"/>
      <tstamp>60F92E79</tstamp>
    </comp>
    <comp ref="R38">
      <value>10k</value>
      <footprint>Resistor_SMD:R_0805_2012Metric</footprint>
      <datasheet>~</datasheet>
      <libsource lib="Device" part="R_Small" description="Resistor, small symbol"/>
      <sheetpath names="/INA219/" tstamps="/60F29ADD/"/>
      <tstamp>60F92E8C</tstamp>
    </comp>
    <comp ref="R39">
      <value>10k</value>
      <footprint>Resistor_SMD:R_0805_2012Metric</footprint>
      <datasheet>~</datasheet>
      <libsource lib="Device" part="R_Small" description="Resistor, small symbol"/>
      <sheetpath names="/INA219/" tstamps="/60F29ADD/"/>
      <tstamp>60F92E9B</tstamp>
    </comp>
    <comp ref="U10">
      <value>INA219AxDCN</value>
      <footprint>Package_TO_SOT_SMD:SOT-23-8</footprint>
      <datasheet>http://www.ti.com/lit/ds/symlink/ina219.pdf</datasheet>
      <libsource lib="Analog_ADC" part="INA219AxDCN" description="Zero-Drift, Bidirectional Current/Power Monitor (0-26V) With I2C Interface, SOT-23-8"/>
      <sheetpath names="/INA219/" tstamps="/60F29ADD/"/>
      <tstamp>60F92EC9</tstamp>
    </comp>
    <comp ref="R32">
      <value>10k</value>
      <footprint>Resistor_SMD:R_0805_2012Metric</footprint>
      <datasheet>~</datasheet>
      <libsource lib="Device" part="R_Small" description="Resistor, small symbol"/>
      <sheetpath names="/INA219/" tstamps="/60F29ADD/"/>
      <tstamp>60F92ED6</tstamp>
    </comp>
    <comp ref="R35">
      <value>10k</value>
      <footprint>Resistor_SMD:R_0805_2012Metric</footprint>
      <datasheet>~</datasheet>
      <libsource lib="Device" part="R_Small" description="Resistor, small symbol"/>
      <sheetpath names="/INA219/" tstamps="/60F29ADD/"/>
      <tstamp>60F92EDE</tstamp>
    </comp>
    <comp ref="C18">
      <value>100n</value>
      <footprint>Capacitor_SMD:C_0805_2012Metric</footprint>
      <datasheet>~</datasheet>
      <libsource lib="Device" part="C_Small" description="Unpolarized capacitor, small symbol"/>
      <sheetpath names="/INA219/" tstamps="/60F29ADD/"/>
      <tstamp>60F92EFA</tstamp>
    </comp>
    <comp ref="R29">
      <value>R100</value>
      <footprint>Resistor_SMD:R_2512_6332Metric</footprint>
      <datasheet>~</datasheet>
      <libsource lib="Device" part="R" description="Resistor"/>
      <sheetpath names="/INA219/" tstamps="/60F29ADD/"/>
      <tstamp>60F92F0C</tstamp>
    </comp>
    <comp ref="J13">
      <value>Conn_01x03_Male</value>
      <footprint>Connector_PinHeader_2.54mm:PinHeader_1x03_P2.54mm_Horizontal</footprint>
      <datasheet>~</datasheet>
      <libsource lib="Connector" part="Conn_01x03_Male" description="Generic connector, single row, 01x03, script generated (kicad-library-utils/schlib/autogen/connector/)"/>
      <sheetpath names="/INA219/" tstamps="/60F29ADD/"/>
      <tstamp>60F92F12</tstamp>
    </comp>
    <comp ref="R40">
      <value>10k</value>
      <footprint>Resistor_SMD:R_0805_2012Metric</footprint>
      <datasheet>~</datasheet>
      <libsource lib="Device" part="R_Small" description="Resistor, small symbol"/>
      <sheetpath names="/INA219/" tstamps="/60F29ADD/"/>
      <tstamp>60F92F25</tstamp>
    </comp>
    <comp ref="R41">
      <value>10k</value>
      <footprint>Resistor_SMD:R_0805_2012Metric</footprint>
      <datasheet>~</datasheet>
      <libsource lib="Device" part="R_Small" description="Resistor, small symbol"/>
      <sheetpath names="/INA219/" tstamps="/60F29ADD/"/>
      <tstamp>60F92F34</tstamp>
    </comp>
    <comp ref="R21">
      <value>10k</value>
      <footprint>Resistor_SMD:R_0805_2012Metric</footprint>
      <datasheet>~</datasheet>
      <libsource lib="Device" part="R_Small" description="Resistor, small symbol"/>
      <sheetpath names="/INA219/" tstamps="/60F29ADD/"/>
      <tstamp>60F39589</tstamp>
    </comp>
    <comp ref="U11">
      <value>PCA9685PW</value>
      <footprint>Package_SO:TSSOP-28_4.4x9.7mm_P0.65mm</footprint>
      <datasheet>http://www.nxp.com/documents/data_sheet/PCA9685.pdf</datasheet>
      <libsource lib="Driver_LED" part="PCA9685PW" description="16-channel 12-bit PWM Fm+ I2C-bus LED controller RGBA TSSOP"/>
      <sheetpath names="/PCA9685/" tstamps="/60F9D8AB/"/>
      <tstamp>60FA1C00</tstamp>
    </comp>
    <comp ref="R47">
      <value>10k</value>
      <footprint>Resistor_SMD:R_0805_2012Metric</footprint>
      <datasheet>~</datasheet>
      <libsource lib="Device" part="R_Small" description="Resistor, small symbol"/>
      <sheetpath names="/PCA9685/" tstamps="/60F9D8AB/"/>
      <tstamp>60FA2C4D</tstamp>
    </comp>
    <comp ref="R48">
      <value>10k</value>
      <footprint>Resistor_SMD:R_0805_2012Metric</footprint>
      <datasheet>~</datasheet>
      <libsource lib="Device" part="R_Small" description="Resistor, small symbol"/>
      <sheetpath names="/PCA9685/" tstamps="/60F9D8AB/"/>
      <tstamp>60FA7562</tstamp>
    </comp>
    <comp ref="R46">
      <value>10k</value>
      <footprint>Resistor_SMD:R_0805_2012Metric</footprint>
      <datasheet>~</datasheet>
      <libsource lib="Device" part="R_Small" description="Resistor, small symbol"/>
      <sheetpath names="/PCA9685/" tstamps="/60F9D8AB/"/>
      <tstamp>60FA7C6C</tstamp>
    </comp>
    <comp ref="R45">
      <value>10k</value>
      <footprint>Resistor_SMD:R_0805_2012Metric</footprint>
      <datasheet>~</datasheet>
      <libsource lib="Device" part="R_Small" description="Resistor, small symbol"/>
      <sheetpath names="/PCA9685/" tstamps="/60F9D8AB/"/>
      <tstamp>60FA813A</tstamp>
    </comp>
    <comp ref="R44">
      <value>10k</value>
      <footprint>Resistor_SMD:R_0805_2012Metric</footprint>
      <datasheet>~</datasheet>
      <libsource lib="Device" part="R_Small" description="Resistor, small symbol"/>
      <sheetpath names="/PCA9685/" tstamps="/60F9D8AB/"/>
      <tstamp>60FA85CA</tstamp>
    </comp>
    <comp ref="R43">
      <value>10k</value>
      <footprint>Resistor_SMD:R_0805_2012Metric</footprint>
      <datasheet>~</datasheet>
      <libsource lib="Device" part="R_Small" description="Resistor, small symbol"/>
      <sheetpath names="/PCA9685/" tstamps="/60F9D8AB/"/>
      <tstamp>60FA8AE5</tstamp>
    </comp>
    <comp ref="R42">
      <value>10k</value>
      <footprint>Resistor_SMD:R_0805_2012Metric</footprint>
      <datasheet>~</datasheet>
      <libsource lib="Device" part="R_Small" description="Resistor, small symbol"/>
      <sheetpath names="/PCA9685/" tstamps="/60F9D8AB/"/>
      <tstamp>60FA9136</tstamp>
    </comp>
    <comp ref="C19">
      <value>10u</value>
      <footprint>Capacitor_SMD:C_0805_2012Metric</footprint>
      <datasheet>~</datasheet>
      <libsource lib="Device" part="C_Small" description="Unpolarized capacitor, small symbol"/>
      <sheetpath names="/PCA9685/" tstamps="/60F9D8AB/"/>
      <tstamp>60FAF5FC</tstamp>
    </comp>
    <comp ref="R49">
      <value>220</value>
      <footprint>Resistor_SMD:R_0805_2012Metric</footprint>
      <datasheet>~</datasheet>
      <libsource lib="Device" part="R_Small" description="Resistor, small symbol"/>
      <sheetpath names="/PCA9685/" tstamps="/60F9D8AB/"/>
      <tstamp>60FB6D9F</tstamp>
    </comp>
    <comp ref="R50">
      <value>220</value>
      <footprint>Resistor_SMD:R_0805_2012Metric</footprint>
      <datasheet>~</datasheet>
      <libsource lib="Device" part="R_Small" description="Resistor, small symbol"/>
      <sheetpath names="/PCA9685/" tstamps="/60F9D8AB/"/>
      <tstamp>60FB7A1A</tstamp>
    </comp>
    <comp ref="R51">
      <value>220</value>
      <footprint>Resistor_SMD:R_0805_2012Metric</footprint>
      <datasheet>~</datasheet>
      <libsource lib="Device" part="R_Small" description="Resistor, small symbol"/>
      <sheetpath names="/PCA9685/" tstamps="/60F9D8AB/"/>
      <tstamp>60FB7C8E</tstamp>
    </comp>
    <comp ref="R52">
      <value>220</value>
      <footprint>Resistor_SMD:R_0805_2012Metric</footprint>
      <datasheet>~</datasheet>
      <libsource lib="Device" part="R_Small" description="Resistor, small symbol"/>
      <sheetpath names="/PCA9685/" tstamps="/60F9D8AB/"/>
      <tstamp>60FB7E4B</tstamp>
    </comp>
    <comp ref="R53">
      <value>220</value>
      <footprint>Resistor_SMD:R_0805_2012Metric</footprint>
      <datasheet>~</datasheet>
      <libsource lib="Device" part="R_Small" description="Resistor, small symbol"/>
      <sheetpath names="/PCA9685/" tstamps="/60F9D8AB/"/>
      <tstamp>60FB7FCA</tstamp>
    </comp>
    <comp ref="R54">
      <value>220</value>
      <footprint>Resistor_SMD:R_0805_2012Metric</footprint>
      <datasheet>~</datasheet>
      <libsource lib="Device" part="R_Small" description="Resistor, small symbol"/>
      <sheetpath names="/PCA9685/" tstamps="/60F9D8AB/"/>
      <tstamp>60FB811E</tstamp>
    </comp>
    <comp ref="R55">
      <value>10k</value>
      <footprint>Resistor_SMD:R_0805_2012Metric</footprint>
      <datasheet>~</datasheet>
      <libsource lib="Device" part="R_Small" description="Resistor, small symbol"/>
      <sheetpath names="/PCA9685/" tstamps="/60F9D8AB/"/>
      <tstamp>60FC18E8</tstamp>
    </comp>
    <comp ref="R56">
      <value>10k</value>
      <footprint>Resistor_SMD:R_0805_2012Metric</footprint>
      <datasheet>~</datasheet>
      <libsource lib="Device" part="R_Small" description="Resistor, small symbol"/>
      <sheetpath names="/PCA9685/" tstamps="/60F9D8AB/"/>
      <tstamp>60FC18F7</tstamp>
    </comp>
  </components>
  <libparts>
    <libpart lib="Analog_ADC" part="INA219AxDCN">
      <aliases>
        <alias>INA219BxDCN</alias>
      </aliases>
      <description>Zero-Drift, Bidirectional Current/Power Monitor (0-26V) With I2C Interface, SOT-23-8</description>
      <docs>http://www.ti.com/lit/ds/symlink/ina219.pdf</docs>
      <footprints>
        <fp>SOT?23*</fp>
      </footprints>
      <fields>
        <field name="Reference">U</field>
        <field name="Value">INA219AxDCN</field>
        <field name="Footprint">Package_TO_SOT_SMD:SOT-23-8</field>
      </fields>
      <pins>
        <pin num="1" name="IN+" type="input"/>
        <pin num="2" name="IN-" type="input"/>
        <pin num="3" name="GND" type="power_in"/>
        <pin num="4" name="VS" type="power_in"/>
        <pin num="5" name="SCL" type="input"/>
        <pin num="6" name="SDA" type="BiDi"/>
        <pin num="7" name="A0" type="input"/>
        <pin num="8" name="A1" type="input"/>
      </pins>
    </libpart>
    <libpart lib="Connector" part="Conn_01x02_Male">
      <description>Generic connector, single row, 01x02, script generated (kicad-library-utils/schlib/autogen/connector/)</description>
      <docs>~</docs>
      <footprints>
        <fp>Connector*:*_1x??_*</fp>
      </footprints>
      <fields>
        <field name="Reference">J</field>
        <field name="Value">Conn_01x02_Male</field>
      </fields>
      <pins>
        <pin num="1" name="Pin_1" type="passive"/>
        <pin num="2" name="Pin_2" type="passive"/>
      </pins>
    </libpart>
    <libpart lib="Connector" part="Conn_01x03_Male">
      <description>Generic connector, single row, 01x03, script generated (kicad-library-utils/schlib/autogen/connector/)</description>
      <docs>~</docs>
      <footprints>
        <fp>Connector*:*_1x??_*</fp>
      </footprints>
      <fields>
        <field name="Reference">J</field>
        <field name="Value">Conn_01x03_Male</field>
      </fields>
      <pins>
        <pin num="1" name="Pin_1" type="passive"/>
        <pin num="2" name="Pin_2" type="passive"/>
        <pin num="3" name="Pin_3" type="passive"/>
      </pins>
    </libpart>
    <libpart lib="Connector" part="Conn_01x04_Male">
      <description>Generic connector, single row, 01x04, script generated (kicad-library-utils/schlib/autogen/connector/)</description>
      <docs>~</docs>
      <footprints>
        <fp>Connector*:*_1x??_*</fp>
      </footprints>
      <fields>
        <field name="Reference">J</field>
        <field name="Value">Conn_01x04_Male</field>
      </fields>
      <pins>
        <pin num="1" name="Pin_1" type="passive"/>
        <pin num="2" name="Pin_2" type="passive"/>
        <pin num="3" name="Pin_3" type="passive"/>
        <pin num="4" name="Pin_4" type="passive"/>
      </pins>
    </libpart>
    <libpart lib="Connector" part="Conn_01x05_Male">
      <description>Generic connector, single row, 01x05, script generated (kicad-library-utils/schlib/autogen/connector/)</description>
      <docs>~</docs>
      <footprints>
        <fp>Connector*:*_1x??_*</fp>
      </footprints>
      <fields>
        <field name="Reference">J</field>
        <field name="Value">Conn_01x05_Male</field>
      </fields>
      <pins>
        <pin num="1" name="Pin_1" type="passive"/>
        <pin num="2" name="Pin_2" type="passive"/>
        <pin num="3" name="Pin_3" type="passive"/>
        <pin num="4" name="Pin_4" type="passive"/>
        <pin num="5" name="Pin_5" type="passive"/>
      </pins>
    </libpart>
    <libpart lib="Connector" part="Screw_Terminal_01x02">
      <description>Generic screw terminal, single row, 01x02, script generated (kicad-library-utils/schlib/autogen/connector/)</description>
      <docs>~</docs>
      <footprints>
        <fp>TerminalBlock*:*</fp>
      </footprints>
      <fields>
        <field name="Reference">J</field>
        <field name="Value">Screw_Terminal_01x02</field>
      </fields>
      <pins>
        <pin num="1" name="Pin_1" type="passive"/>
        <pin num="2" name="Pin_2" type="passive"/>
      </pins>
    </libpart>
    <libpart lib="Device" part="CP_Small">
      <description>Polarized capacitor, small symbol</description>
      <docs>~</docs>
      <footprints>
        <fp>CP_*</fp>
      </footprints>
      <fields>
        <field name="Reference">C</field>
        <field name="Value">CP_Small</field>
      </fields>
      <pins>
        <pin num="1" name="~" type="passive"/>
        <pin num="2" name="~" type="passive"/>
      </pins>
    </libpart>
    <libpart lib="Device" part="C_Small">
      <description>Unpolarized capacitor, small symbol</description>
      <docs>~</docs>
      <footprints>
        <fp>C_*</fp>
      </footprints>
      <fields>
        <field name="Reference">C</field>
        <field name="Value">C_Small</field>
      </fields>
      <pins>
        <pin num="1" name="~" type="passive"/>
        <pin num="2" name="~" type="passive"/>
      </pins>
    </libpart>
    <libpart lib="Device" part="Crystal">
      <description>Two pin crystal</description>
      <docs>~</docs>
      <footprints>
        <fp>Crystal*</fp>
      </footprints>
      <fields>
        <field name="Reference">Y</field>
        <field name="Value">Crystal</field>
      </fields>
      <pins>
        <pin num="1" name="1" type="passive"/>
        <pin num="2" name="2" type="passive"/>
      </pins>
    </libpart>
    <libpart lib="Device" part="LED_Small">
      <description>Light emitting diode, small symbol</description>
      <docs>~</docs>
      <footprints>
        <fp>LED*</fp>
        <fp>LED_SMD:*</fp>
        <fp>LED_THT:*</fp>
      </footprints>
      <fields>
        <field name="Reference">D</field>
        <field name="Value">LED_Small</field>
      </fields>
      <pins>
        <pin num="1" name="K" type="passive"/>
        <pin num="2" name="A" type="passive"/>
      </pins>
    </libpart>
    <libpart lib="Device" part="Q_NPN_BEC">
      <description>NPN transistor, base/emitter/collector</description>
      <docs>~</docs>
      <fields>
        <field name="Reference">Q</field>
        <field name="Value">Q_NPN_BEC</field>
      </fields>
      <pins>
        <pin num="1" name="B" type="input"/>
        <pin num="2" name="E" type="passive"/>
        <pin num="3" name="C" type="passive"/>
      </pins>
    </libpart>
    <libpart lib="Device" part="R">
      <description>Resistor</description>
      <docs>~</docs>
      <footprints>
        <fp>R_*</fp>
      </footprints>
      <fields>
        <field name="Reference">R</field>
        <field name="Value">R</field>
      </fields>
      <pins>
        <pin num="1" name="~" type="passive"/>
        <pin num="2" name="~" type="passive"/>
      </pins>
    </libpart>
    <libpart lib="Device" part="R_Small">
      <description>Resistor, small symbol</description>
      <docs>~</docs>
      <footprints>
        <fp>R_*</fp>
      </footprints>
      <fields>
        <field name="Reference">R</field>
        <field name="Value">R_Small</field>
      </fields>
      <pins>
        <pin num="1" name="~" type="passive"/>
        <pin num="2" name="~" type="passive"/>
      </pins>
    </libpart>
    <libpart lib="Driver_LED" part="PCA9685PW">
      <description>16-channel 12-bit PWM Fm+ I2C-bus LED controller RGBA TSSOP</description>
      <docs>http://www.nxp.com/documents/data_sheet/PCA9685.pdf</docs>
      <footprints>
        <fp>TSSOP*4.4x9.7mm*P0.65mm*</fp>
      </footprints>
      <fields>
        <field name="Reference">U</field>
        <field name="Value">PCA9685PW</field>
        <field name="Footprint">Package_SO:TSSOP-28_4.4x9.7mm_P0.65mm</field>
      </fields>
      <pins>
        <pin num="1" name="A0" type="input"/>
        <pin num="2" name="A1" type="input"/>
        <pin num="3" name="A2" type="input"/>
        <pin num="4" name="A3" type="input"/>
        <pin num="5" name="A4" type="input"/>
        <pin num="6" name="LED0" type="output"/>
        <pin num="7" name="LED1" type="output"/>
        <pin num="8" name="LED2" type="output"/>
        <pin num="9" name="LED3" type="output"/>
        <pin num="10" name="LED4" type="output"/>
        <pin num="11" name="LED5" type="output"/>
        <pin num="12" name="LED6" type="output"/>
        <pin num="13" name="LED7" type="output"/>
        <pin num="14" name="VSS" type="power_in"/>
        <pin num="15" name="LED8" type="output"/>
        <pin num="16" name="LED9" type="output"/>
        <pin num="17" name="LED10" type="output"/>
        <pin num="18" name="LED11" type="output"/>
        <pin num="19" name="LED12" type="output"/>
        <pin num="20" name="LED13" type="output"/>
        <pin num="21" name="LED14" type="output"/>
        <pin num="22" name="LED15" type="output"/>
        <pin num="23" name="~OE" type="input"/>
        <pin num="24" name="A5" type="input"/>
        <pin num="25" name="EXTCLK" type="input"/>
        <pin num="26" name="SCL" type="input"/>
        <pin num="27" name="SDA" type="BiDi"/>
        <pin num="28" name="VDD" type="power_in"/>
      </pins>
    </libpart>
    <libpart lib="Interface_Expansion" part="TCA9548APWR">
      <aliases>
        <alias>PCA9548APW</alias>
      </aliases>
      <description>Low voltage 8-channel I2C switch with reset, TSSOP-24</description>
      <docs>http://www.ti.com/lit/ds/symlink/tca9548a.pdf</docs>
      <footprints>
        <fp>TSSOP*4.4x7.8mm*P0.65mm*</fp>
      </footprints>
      <fields>
        <field name="Reference">U</field>
        <field name="Value">TCA9548APWR</field>
        <field name="Footprint">Package_SO:TSSOP-24_4.4x7.8mm_P0.65mm</field>
      </fields>
      <pins>
        <pin num="1" name="A0" type="input"/>
        <pin num="2" name="A1" type="input"/>
        <pin num="3" name="~RESET" type="input"/>
        <pin num="4" name="SD0" type="BiDi"/>
        <pin num="5" name="SC0" type="output"/>
        <pin num="6" name="SD1" type="BiDi"/>
        <pin num="7" name="SC1" type="output"/>
        <pin num="8" name="SD2" type="BiDi"/>
        <pin num="9" name="SC2" type="output"/>
        <pin num="10" name="SD3" type="BiDi"/>
        <pin num="11" name="SC3" type="output"/>
        <pin num="12" name="GND" type="power_in"/>
        <pin num="13" name="SD4" type="BiDi"/>
        <pin num="14" name="SC4" type="output"/>
        <pin num="15" name="SD5" type="BiDi"/>
        <pin num="16" name="SC5" type="output"/>
        <pin num="17" name="SD6" type="BiDi"/>
        <pin num="18" name="SC6" type="output"/>
        <pin num="19" name="SD7" type="BiDi"/>
        <pin num="20" name="SC7" type="output"/>
        <pin num="21" name="A2" type="input"/>
        <pin num="22" name="SCL" type="input"/>
        <pin num="23" name="SDA" type="BiDi"/>
        <pin num="24" name="VCC" type="power_in"/>
      </pins>
    </libpart>
    <libpart lib="MCU_Microchip_ATmega" part="ATmega48PV-10AU">
      <aliases>
        <alias>ATmega48P-20AU</alias>
        <alias>ATmega48A-AU</alias>
        <alias>ATmega48PA-AU</alias>
        <alias>ATmega88PV-10AU</alias>
        <alias>ATmega88P-20AU</alias>
        <alias>ATmega88A-AU</alias>
        <alias>ATmega88PA-AU</alias>
        <alias>ATmega168PV-10AU</alias>
        <alias>ATmega168P-20AU</alias>
        <alias>ATmega168A-AU</alias>
        <alias>ATmega168PA-AU</alias>
        <alias>ATmega328-AU</alias>
        <alias>ATmega328P-AU</alias>
      </aliases>
      <description>10MHz, 4kB Flash, 512B SRAM, 256B EEPROM, TQFP-32</description>
      <docs>http://ww1.microchip.com/downloads/en/DeviceDoc/Atmel-8025-8-bit-AVR-Microcontroller-ATmega48P-88P-168P_Datasheet.pdf</docs>
      <footprints>
        <fp>TQFP*7x7mm*P0.8mm*</fp>
      </footprints>
      <fields>
        <field name="Reference">U</field>
        <field name="Value">ATmega48PV-10AU</field>
        <field name="Footprint">Package_QFP:TQFP-32_7x7mm_P0.8mm</field>
      </fields>
      <pins>
        <pin num="1" name="PD3" type="BiDi"/>
        <pin num="2" name="PD4" type="BiDi"/>
        <pin num="3" name="GND" type="power_in"/>
        <pin num="4" name="VCC" type="power_in"/>
        <pin num="5" name="GND" type="passive"/>
        <pin num="6" name="VCC" type="passive"/>
        <pin num="7" name="XTAL1/PB6" type="BiDi"/>
        <pin num="8" name="XTAL2/PB7" type="BiDi"/>
        <pin num="9" name="PD5" type="BiDi"/>
        <pin num="10" name="PD6" type="BiDi"/>
        <pin num="11" name="PD7" type="BiDi"/>
        <pin num="12" name="PB0" type="BiDi"/>
        <pin num="13" name="PB1" type="BiDi"/>
        <pin num="14" name="PB2" type="BiDi"/>
        <pin num="15" name="PB3" type="BiDi"/>
        <pin num="16" name="PB4" type="BiDi"/>
        <pin num="17" name="PB5" type="BiDi"/>
        <pin num="18" name="AVCC" type="power_in"/>
        <pin num="19" name="ADC6" type="input"/>
        <pin num="20" name="AREF" type="passive"/>
        <pin num="21" name="GND" type="passive"/>
        <pin num="22" name="ADC7" type="input"/>
        <pin num="23" name="PC0" type="BiDi"/>
        <pin num="24" name="PC1" type="BiDi"/>
        <pin num="25" name="PC2" type="BiDi"/>
        <pin num="26" name="PC3" type="BiDi"/>
        <pin num="27" name="PC4" type="BiDi"/>
        <pin num="28" name="PC5" type="BiDi"/>
        <pin num="29" name="~RESET~/PC6" type="BiDi"/>
        <pin num="30" name="PD0" type="BiDi"/>
        <pin num="31" name="PD1" type="BiDi"/>
        <pin num="32" name="PD2" type="BiDi"/>
      </pins>
    </libpart>
    <libpart lib="Mechanical" part="MountingHole">
      <description>Mounting Hole without connection</description>
      <docs>~</docs>
      <footprints>
        <fp>MountingHole*</fp>
      </footprints>
      <fields>
        <field name="Reference">H</field>
        <field name="Value">MountingHole</field>
      </fields>
    </libpart>
    <libpart lib="RF_Module" part="ESP32-WROOM-32">
      <aliases>
        <alias>ESP32-WROOM-32D</alias>
      </aliases>
      <description>RF Module, ESP32-D0WDQ6 SoC, Wi-Fi 802.11b/g/n, Bluetooth, BLE, 32-bit, 2.7-3.6V, onboard antenna, SMD</description>
      <docs>https://www.espressif.com/sites/default/files/documentation/esp32-wroom-32_datasheet_en.pdf</docs>
      <footprints>
        <fp>ESP32?WROOM?32*</fp>
      </footprints>
      <fields>
        <field name="Reference">U</field>
        <field name="Value">ESP32-WROOM-32</field>
        <field name="Footprint">RF_Module:ESP32-WROOM-32</field>
      </fields>
      <pins>
        <pin num="1" name="GND" type="power_in"/>
        <pin num="2" name="VDD" type="power_in"/>
        <pin num="3" name="EN" type="input"/>
        <pin num="4" name="SENSOR_VP" type="input"/>
        <pin num="5" name="SENSOR_VN" type="input"/>
        <pin num="6" name="IO34" type="input"/>
        <pin num="7" name="IO35" type="input"/>
        <pin num="8" name="IO32" type="BiDi"/>
        <pin num="9" name="IO33" type="BiDi"/>
        <pin num="10" name="IO25" type="BiDi"/>
        <pin num="11" name="IO26" type="BiDi"/>
        <pin num="12" name="IO27" type="BiDi"/>
        <pin num="13" name="IO14" type="BiDi"/>
        <pin num="14" name="IO12" type="BiDi"/>
        <pin num="15" name="GND" type="passive"/>
        <pin num="16" name="IO13" type="BiDi"/>
        <pin num="17" name="SHD/SD2" type="BiDi"/>
        <pin num="18" name="SWP/SD3" type="BiDi"/>
        <pin num="19" name="SCS/CMD" type="BiDi"/>
        <pin num="20" name="SCK/CLK" type="BiDi"/>
        <pin num="21" name="SDO/SD0" type="BiDi"/>
        <pin num="22" name="SDI/SD1" type="BiDi"/>
        <pin num="23" name="IO15" type="BiDi"/>
        <pin num="24" name="IO2" type="BiDi"/>
        <pin num="25" name="IO0" type="BiDi"/>
        <pin num="26" name="IO4" type="BiDi"/>
        <pin num="27" name="IO16" type="BiDi"/>
        <pin num="28" name="IO17" type="BiDi"/>
        <pin num="29" name="IO5" type="BiDi"/>
        <pin num="30" name="IO18" type="BiDi"/>
        <pin num="31" name="IO19" type="BiDi"/>
        <pin num="32" name="NC" type="NotConnected"/>
        <pin num="33" name="IO21" type="BiDi"/>
        <pin num="34" name="RXD0/IO3" type="BiDi"/>
        <pin num="35" name="TXD0/IO1" type="BiDi"/>
        <pin num="36" name="IO22" type="BiDi"/>
        <pin num="37" name="IO23" type="BiDi"/>
        <pin num="38" name="GND" type="passive"/>
        <pin num="39" name="GND" type="passive"/>
      </pins>
    </libpart>
    <libpart lib="Regulator_Linear" part="AP1117-15">
      <aliases>
        <alias>AP1117-18</alias>
        <alias>AP1117-25</alias>
        <alias>AP1117-33</alias>
        <alias>AP1117-50</alias>
        <alias>LD1117S33TR_SOT223</alias>
        <alias>LD1117S12TR_SOT223</alias>
        <alias>LD1117S18TR_SOT223</alias>
        <alias>LD1117S25TR_SOT223</alias>
        <alias>LD1117S50TR_SOT223</alias>
        <alias>NCP1117-12_SOT223</alias>
        <alias>NCP1117-1.5_SOT223</alias>
        <alias>NCP1117-1.8_SOT223</alias>
        <alias>NCP1117-2.0_SOT223</alias>
        <alias>NCP1117-2.5_SOT223</alias>
        <alias>NCP1117-2.85_SOT223</alias>
        <alias>NCP1117-3.3_SOT223</alias>
        <alias>NCP1117-5.0_SOT223</alias>
        <alias>AMS1117-1.5</alias>
        <alias>AMS1117-1.8</alias>
        <alias>AMS1117-2.5</alias>
        <alias>AMS1117-2.85</alias>
        <alias>AMS1117-3.3</alias>
        <alias>AMS1117-5.0</alias>
      </aliases>
      <description>1A Low Dropout regulator, positive, 1.5V fixed output, SOT-223</description>
      <docs>http://www.diodes.com/datasheets/AP1117.pdf</docs>
      <footprints>
        <fp>SOT?223*TabPin2*</fp>
      </footprints>
      <fields>
        <field name="Reference">U</field>
        <field name="Value">AP1117-15</field>
        <field name="Footprint">Package_TO_SOT_SMD:SOT-223-3_TabPin2</field>
      </fields>
      <pins>
        <pin num="1" name="GND" type="power_in"/>
        <pin num="2" name="VO" type="power_out"/>
        <pin num="3" name="VI" type="power_in"/>
      </pins>
    </libpart>
    <libpart lib="Switch" part="SW_Push">
      <description>Push button switch, generic, two pins</description>
      <docs>~</docs>
      <fields>
        <field name="Reference">SW</field>
        <field name="Value">SW_Push</field>
      </fields>
      <pins>
        <pin num="1" name="1" type="passive"/>
        <pin num="2" name="2" type="passive"/>
      </pins>
    </libpart>
  </libparts>
  <libraries>
    <library logical="Analog_ADC">
      <uri>C:\Program Files\KiCad\share\kicad\library/Analog_ADC.lib</uri>
    </library>
    <library logical="Connector">
      <uri>C:\Program Files\KiCad\share\kicad\library/Connector.lib</uri>
    </library>
    <library logical="Device">
      <uri>C:\Program Files\KiCad\share\kicad\library/Device.lib</uri>
    </library>
    <library logical="Driver_LED">
      <uri>C:\Program Files\KiCad\share\kicad\library/Driver_LED.lib</uri>
    </library>
    <library logical="Interface_Expansion">
      <uri>C:\Program Files\KiCad\share\kicad\library/Interface_Expansion.lib</uri>
    </library>
    <library logical="MCU_Microchip_ATmega">
      <uri>C:\Program Files\KiCad\share\kicad\library/MCU_Microchip_ATmega.lib</uri>
    </library>
    <library logical="Mechanical">
      <uri>C:\Program Files\KiCad\share\kicad\library/Mechanical.lib</uri>
    </library>
    <library logical="RF_Module">
      <uri>C:\Program Files\KiCad\share\kicad\library/RF_Module.lib</uri>
    </library>
    <library logical="Regulator_Linear">
      <uri>C:\Program Files\KiCad\share\kicad\library/Regulator_Linear.lib</uri>
    </library>
    <library logical="Switch">
      <uri>C:\Program Files\KiCad\share\kicad\library/Switch.lib</uri>
    </library>
  </libraries>
  <nets>
    <net code="1" name="GND">
      <node ref="R27" pin="2"/>
      <node ref="R33" pin="2"/>
      <node ref="R30" pin="2"/>
      <node ref="R29" pin="2"/>
      <node ref="R31" pin="2"/>
      <node ref="U9" pin="3"/>
      <node ref="U8" pin="3"/>
      <node ref="U9" pin="2"/>
      <node ref="R28" pin="2"/>
      <node ref="C17" pin="2"/>
      <node ref="R34" pin="2"/>
      <node ref="C16" pin="2"/>
      <node ref="C14" pin="2"/>
      <node ref="R13" pin="2"/>
      <node ref="U6" pin="3"/>
      <node ref="R16" pin="2"/>
      <node ref="R19" pin="2"/>
      <node ref="U10" pin="2"/>
      <node ref="U7" pin="2"/>
      <node ref="U7" pin="3"/>
      <node ref="R18" pin="2"/>
      <node ref="C18" pin="2"/>
      <node ref="R35" pin="2"/>
      <node ref="R32" pin="2"/>
      <node ref="U10" pin="3"/>
      <node ref="C19" pin="2"/>
      <node ref="C10" pin="1"/>
      <node ref="U3" pin="1"/>
      <node ref="SW1" pin="1"/>
      <node ref="U3" pin="38"/>
      <node ref="U3" pin="39"/>
      <node ref="U3" pin="15"/>
      <node ref="J4" pin="4"/>
      <node ref="J7" pin="1"/>
      <node ref="R43" pin="2"/>
      <node ref="R45" pin="2"/>
      <node ref="R46" pin="2"/>
      <node ref="R48" pin="2"/>
      <node ref="C11" pin="2"/>
      <node ref="R44" pin="2"/>
      <node ref="R42" pin="2"/>
      <node ref="U11" pin="14"/>
      <node ref="R47" pin="2"/>
      <node ref="U11" pin="25"/>
      <node ref="J2" pin="1"/>
      <node ref="U2" pin="5"/>
      <node ref="J3" pin="5"/>
      <node ref="U2" pin="3"/>
      <node ref="U2" pin="21"/>
      <node ref="R12" pin="2"/>
      <node ref="U6" pin="2"/>
      <node ref="R15" pin="2"/>
      <node ref="U5" pin="3"/>
      <node ref="U5" pin="2"/>
      <node ref="C13" pin="2"/>
      <node ref="C8" pin="2"/>
      <node ref="C9" pin="2"/>
      <node ref="C7" pin="2"/>
      <node ref="C6" pin="2"/>
      <node ref="C3" pin="2"/>
      <node ref="R14" pin="2"/>
      <node ref="C4" pin="2"/>
      <node ref="U8" pin="2"/>
      <node ref="R17" pin="2"/>
      <node ref="R20" pin="2"/>
      <node ref="U1" pin="1"/>
      <node ref="R9" pin="1"/>
      <node ref="R10" pin="1"/>
      <node ref="R11" pin="1"/>
      <node ref="U4" pin="12"/>
      <node ref="C12" pin="2"/>
      <node ref="C2" pin="2"/>
      <node ref="C1" pin="2"/>
      <node ref="C15" pin="2"/>
      <node ref="D1" pin="1"/>
      <node ref="J1" pin="2"/>
    </net>
    <net code="2" name="+5V">
      <node ref="C12" pin="1"/>
      <node ref="R21" pin="1"/>
      <node ref="U8" pin="4"/>
      <node ref="C16" pin="1"/>
      <node ref="R8" pin="1"/>
      <node ref="C2" pin="1"/>
      <node ref="J13" pin="2"/>
      <node ref="R40" pin="1"/>
      <node ref="R41" pin="1"/>
      <node ref="R37" pin="1"/>
      <node ref="J11" pin="2"/>
      <node ref="R25" pin="1"/>
      <node ref="R36" pin="1"/>
      <node ref="U2" pin="18"/>
      <node ref="U9" pin="4"/>
      <node ref="R7" pin="1"/>
      <node ref="R2" pin="1"/>
      <node ref="U2" pin="6"/>
      <node ref="U2" pin="4"/>
      <node ref="U4" pin="24"/>
      <node ref="C13" pin="1"/>
      <node ref="R26" pin="1"/>
      <node ref="U5" pin="4"/>
      <node ref="R22" pin="1"/>
      <node ref="J8" pin="2"/>
      <node ref="U6" pin="4"/>
      <node ref="J12" pin="2"/>
      <node ref="R6" pin="1"/>
      <node ref="C17" pin="1"/>
      <node ref="C6" pin="1"/>
      <node ref="R38" pin="1"/>
      <node ref="J9" pin="2"/>
      <node ref="U11" pin="28"/>
      <node ref="C19" pin="1"/>
      <node ref="C14" pin="1"/>
      <node ref="R23" pin="1"/>
      <node ref="U1" pin="3"/>
      <node ref="J4" pin="1"/>
      <node ref="R24" pin="1"/>
      <node ref="C18" pin="1"/>
      <node ref="R39" pin="1"/>
      <node ref="U7" pin="4"/>
      <node ref="U10" pin="4"/>
      <node ref="R1" pin="1"/>
      <node ref="J10" pin="2"/>
      <node ref="R56" pin="1"/>
      <node ref="J1" pin="1"/>
      <node ref="C1" pin="1"/>
      <node ref="R55" pin="1"/>
      <node ref="C15" pin="1"/>
    </net>
    <net code="3" name="Net-(D1-Pad2)">
      <node ref="D1" pin="2"/>
      <node ref="R1" pin="2"/>
    </net>
    <net code="4" name="+3V3">
      <node ref="U1" pin="2"/>
      <node ref="C11" pin="1"/>
      <node ref="C3" pin="1"/>
      <node ref="R3" pin="2"/>
      <node ref="U3" pin="2"/>
      <node ref="C9" pin="1"/>
      <node ref="C4" pin="1"/>
    </net>
    <net code="5" name="Net-(U4-Pad5)">
      <node ref="U4" pin="5"/>
    </net>
    <net code="6" name="Net-(U4-Pad4)">
      <node ref="U4" pin="4"/>
    </net>
    <net code="7" name="Net-(U4-Pad7)">
      <node ref="U4" pin="7"/>
    </net>
    <net code="8" name="AT_SDA">
      <node ref="R7" pin="2"/>
      <node ref="U4" pin="23"/>
      <node ref="U2" pin="27"/>
    </net>
    <net code="9" name="AT_SCL">
      <node ref="U2" pin="28"/>
      <node ref="U4" pin="22"/>
      <node ref="R6" pin="2"/>
    </net>
    <net code="10" name="Net-(R11-Pad2)">
      <node ref="R11" pin="2"/>
      <node ref="U4" pin="1"/>
    </net>
    <net code="11" name="Net-(R9-Pad2)">
      <node ref="R9" pin="2"/>
      <node ref="U4" pin="21"/>
    </net>
    <net code="12" name="Net-(U4-Pad6)">
      <node ref="U4" pin="6"/>
    </net>
    <net code="13" name="SCL6">
      <node ref="U4" pin="18"/>
      <node ref="U9" pin="5"/>
      <node ref="R38" pin="2"/>
    </net>
    <net code="14" name="SCL7">
      <node ref="U4" pin="20"/>
      <node ref="R40" pin="2"/>
      <node ref="U10" pin="5"/>
    </net>
    <net code="15" name="Net-(R10-Pad2)">
      <node ref="U4" pin="2"/>
      <node ref="R10" pin="2"/>
    </net>
    <net code="16" name="SDA7">
      <node ref="U4" pin="19"/>
      <node ref="R41" pin="2"/>
      <node ref="U10" pin="6"/>
    </net>
    <net code="17" name="SDA6">
      <node ref="R39" pin="2"/>
      <node ref="U4" pin="17"/>
      <node ref="U9" pin="6"/>
    </net>
    <net code="18" name="SCL5">
      <node ref="U8" pin="5"/>
      <node ref="R36" pin="2"/>
      <node ref="U4" pin="16"/>
    </net>
    <net code="19" name="SDA5">
      <node ref="R37" pin="2"/>
      <node ref="U8" pin="6"/>
      <node ref="U4" pin="15"/>
    </net>
    <net code="20" name="SCL4">
      <node ref="U4" pin="14"/>
      <node ref="U7" pin="5"/>
      <node ref="R25" pin="2"/>
    </net>
    <net code="21" name="SDA4">
      <node ref="U7" pin="6"/>
      <node ref="R26" pin="2"/>
      <node ref="U4" pin="13"/>
    </net>
    <net code="22" name="SCL3">
      <node ref="R23" pin="2"/>
      <node ref="U6" pin="5"/>
      <node ref="U4" pin="11"/>
    </net>
    <net code="23" name="SDA3">
      <node ref="U6" pin="6"/>
      <node ref="U4" pin="10"/>
      <node ref="R24" pin="2"/>
    </net>
    <net code="24" name="Net-(R8-Pad2)">
      <node ref="R8" pin="2"/>
      <node ref="U4" pin="3"/>
    </net>
    <net code="25" name="SCL2">
      <node ref="U4" pin="9"/>
      <node ref="R21" pin="2"/>
      <node ref="U5" pin="5"/>
    </net>
    <net code="26" name="SDA2">
      <node ref="U4" pin="8"/>
      <node ref="U5" pin="6"/>
      <node ref="R22" pin="2"/>
    </net>
    <net code="27" name="PWM_3">
      <node ref="R51" pin="1"/>
      <node ref="J10" pin="1"/>
    </net>
    <net code="28" name="Net-(R17-Pad1)">
      <node ref="R17" pin="1"/>
      <node ref="U7" pin="7"/>
    </net>
    <net code="29" name="Net-(R20-Pad1)">
      <node ref="U7" pin="8"/>
      <node ref="R20" pin="1"/>
    </net>
    <net code="30" name="Net-(J10-Pad3)">
      <node ref="U7" pin="1"/>
      <node ref="J10" pin="3"/>
      <node ref="R14" pin="1"/>
    </net>
    <net code="31" name="Net-(J9-Pad3)">
      <node ref="R13" pin="1"/>
      <node ref="J9" pin="3"/>
      <node ref="U6" pin="1"/>
    </net>
    <net code="32" name="Net-(R19-Pad1)">
      <node ref="U6" pin="8"/>
      <node ref="R19" pin="1"/>
    </net>
    <net code="33" name="Net-(R16-Pad1)">
      <node ref="R16" pin="1"/>
      <node ref="U6" pin="7"/>
    </net>
    <net code="34" name="PWM_2">
      <node ref="R50" pin="1"/>
      <node ref="J9" pin="1"/>
    </net>
    <net code="35" name="Net-(J13-Pad3)">
      <node ref="R29" pin="1"/>
      <node ref="J13" pin="3"/>
      <node ref="U10" pin="1"/>
    </net>
    <net code="36" name="Net-(R32-Pad1)">
      <node ref="U10" pin="7"/>
      <node ref="R32" pin="1"/>
    </net>
    <net code="37" name="Net-(R35-Pad1)">
      <node ref="U10" pin="8"/>
      <node ref="R35" pin="1"/>
    </net>
    <net code="38" name="Net-(J12-Pad3)">
      <node ref="R28" pin="1"/>
      <node ref="J12" pin="3"/>
      <node ref="U9" pin="1"/>
    </net>
    <net code="39" name="PWM_6">
      <node ref="J13" pin="1"/>
      <node ref="R54" pin="1"/>
    </net>
    <net code="40" name="PWM_4">
      <node ref="R52" pin="1"/>
      <node ref="J11" pin="1"/>
    </net>
    <net code="41" name="Net-(R33-Pad1)">
      <node ref="R33" pin="1"/>
      <node ref="U8" pin="8"/>
    </net>
    <net code="42" name="Net-(R30-Pad1)">
      <node ref="U8" pin="7"/>
      <node ref="R30" pin="1"/>
    </net>
    <net code="43" name="Net-(R34-Pad1)">
      <node ref="R34" pin="1"/>
      <node ref="U9" pin="8"/>
    </net>
    <net code="44" name="PWM_5">
      <node ref="R53" pin="1"/>
      <node ref="J12" pin="1"/>
    </net>
    <net code="45" name="Net-(J11-Pad3)">
      <node ref="U8" pin="1"/>
      <node ref="R27" pin="1"/>
      <node ref="J11" pin="3"/>
    </net>
    <net code="46" name="Net-(R31-Pad1)">
      <node ref="U9" pin="7"/>
      <node ref="R31" pin="1"/>
    </net>
    <net code="47" name="Net-(R18-Pad1)">
      <node ref="U5" pin="8"/>
      <node ref="R18" pin="1"/>
    </net>
    <net code="48" name="Net-(J8-Pad3)">
      <node ref="J8" pin="3"/>
      <node ref="R12" pin="1"/>
      <node ref="U5" pin="1"/>
    </net>
    <net code="49" name="Net-(R15-Pad1)">
      <node ref="R15" pin="1"/>
      <node ref="U5" pin="7"/>
    </net>
    <net code="50" name="PWM_1">
      <node ref="J8" pin="1"/>
      <node ref="R49" pin="1"/>
    </net>
    <net code="51" name="Net-(U2-Pad19)">
      <node ref="U2" pin="19"/>
    </net>
    <net code="52" name="Net-(U2-Pad2)">
      <node ref="U2" pin="2"/>
    </net>
    <net code="53" name="Net-(U2-Pad20)">
      <node ref="U2" pin="20"/>
    </net>
    <net code="54" name="Net-(U2-Pad22)">
      <node ref="U2" pin="22"/>
    </net>
    <net code="55" name="Net-(U2-Pad23)">
      <node ref="U2" pin="23"/>
    </net>
    <net code="56" name="Net-(U2-Pad24)">
      <node ref="U2" pin="24"/>
    </net>
    <net code="57" name="Net-(U2-Pad25)">
      <node ref="U2" pin="25"/>
    </net>
    <net code="58" name="Net-(U2-Pad26)">
      <node ref="U2" pin="26"/>
    </net>
    <net code="59" name="Net-(U2-Pad32)">
      <node ref="U2" pin="32"/>
    </net>
    <net code="60" name="MISO">
      <node ref="J3" pin="3"/>
      <node ref="U2" pin="16"/>
    </net>
    <net code="61" name="Net-(U2-Pad14)">
      <node ref="U2" pin="14"/>
    </net>
    <net code="62" name="Net-(U2-Pad13)">
      <node ref="U2" pin="13"/>
    </net>
    <net code="63" name="Net-(U2-Pad12)">
      <node ref="U2" pin="12"/>
    </net>
    <net code="64" name="Net-(U2-Pad11)">
      <node ref="U2" pin="11"/>
    </net>
    <net code="65" name="Net-(U2-Pad10)">
      <node ref="U2" pin="10"/>
    </net>
    <net code="66" name="Net-(U2-Pad1)">
      <node ref="U2" pin="1"/>
    </net>
    <net code="67" name="SCK">
      <node ref="J3" pin="2"/>
      <node ref="U2" pin="17"/>
    </net>
    <net code="68" name="MOSI">
      <node ref="J3" pin="4"/>
      <node ref="U2" pin="15"/>
    </net>
    <net code="69" name="RES">
      <node ref="U2" pin="29"/>
      <node ref="R2" pin="2"/>
      <node ref="J3" pin="1"/>
      <node ref="C5" pin="1"/>
    </net>
    <net code="70" name="Net-(U2-Pad9)">
      <node ref="U2" pin="9"/>
    </net>
    <net code="71" name="Net-(C7-Pad1)">
      <node ref="C7" pin="1"/>
      <node ref="Y1" pin="2"/>
      <node ref="U2" pin="8"/>
    </net>
    <net code="72" name="Net-(C8-Pad1)">
      <node ref="C8" pin="1"/>
      <node ref="Y1" pin="1"/>
      <node ref="U2" pin="7"/>
    </net>
    <net code="73" name="RXD">
      <node ref="U2" pin="30"/>
      <node ref="J2" pin="3"/>
      <node ref="U3" pin="28"/>
    </net>
    <net code="74" name="TXD">
      <node ref="J2" pin="2"/>
      <node ref="U3" pin="27"/>
      <node ref="U2" pin="31"/>
    </net>
    <net code="75" name="DTR2">
      <node ref="C5" pin="2"/>
      <node ref="J2" pin="4"/>
    </net>
    <net code="76" name="Net-(U3-Pad37)">
      <node ref="U3" pin="37"/>
    </net>
    <net code="77" name="Net-(U3-Pad12)">
      <node ref="U3" pin="12"/>
    </net>
    <net code="78" name="Net-(U3-Pad8)">
      <node ref="U3" pin="8"/>
    </net>
    <net code="79" name="Net-(U3-Pad9)">
      <node ref="U3" pin="9"/>
    </net>
    <net code="80" name="Net-(U3-Pad6)">
      <node ref="U3" pin="6"/>
    </net>
    <net code="81" name="Net-(U3-Pad7)">
      <node ref="U3" pin="7"/>
    </net>
    <net code="82" name="Net-(U3-Pad23)">
      <node ref="U3" pin="23"/>
    </net>
    <net code="83" name="Net-(Q2-Pad1)">
      <node ref="Q2" pin="1"/>
      <node ref="R4" pin="2"/>
    </net>
    <net code="84" name="Net-(Q3-Pad1)">
      <node ref="R5" pin="2"/>
      <node ref="Q3" pin="1"/>
    </net>
    <net code="85" name="DTR">
      <node ref="J7" pin="3"/>
      <node ref="R4" pin="1"/>
      <node ref="Q3" pin="3"/>
    </net>
    <net code="86" name="EN">
      <node ref="Q3" pin="2"/>
      <node ref="SW1" pin="2"/>
      <node ref="Q2" pin="3"/>
      <node ref="C10" pin="2"/>
      <node ref="U3" pin="3"/>
      <node ref="R3" pin="1"/>
    </net>
    <net code="87" name="CTS">
      <node ref="R5" pin="1"/>
      <node ref="J7" pin="2"/>
      <node ref="Q2" pin="2"/>
    </net>
    <net code="88" name="Net-(U3-Pad25)">
      <node ref="U3" pin="25"/>
    </net>
    <net code="89" name="Net-(U3-Pad24)">
      <node ref="U3" pin="24"/>
    </net>
    <net code="90" name="Net-(U3-Pad26)">
      <node ref="U3" pin="26"/>
    </net>
    <net code="91" name="Net-(U3-Pad14)">
      <node ref="U3" pin="14"/>
    </net>
    <net code="92" name="Net-(U3-Pad13)">
      <node ref="U3" pin="13"/>
    </net>
    <net code="93" name="RXD0">
      <node ref="J6" pin="1"/>
      <node ref="J7" pin="5"/>
      <node ref="U3" pin="34"/>
    </net>
    <net code="94" name="Net-(J4-Pad2)">
      <node ref="J4" pin="2"/>
      <node ref="J6" pin="2"/>
    </net>
    <net code="95" name="TXD0">
      <node ref="U3" pin="35"/>
      <node ref="J7" pin="4"/>
      <node ref="J5" pin="1"/>
    </net>
    <net code="96" name="Net-(J4-Pad3)">
      <node ref="J5" pin="2"/>
      <node ref="J4" pin="3"/>
    </net>
    <net code="97" name="Net-(U3-Pad11)">
      <node ref="U3" pin="11"/>
    </net>
    <net code="98" name="Net-(U3-Pad29)">
      <node ref="U3" pin="29"/>
    </net>
    <net code="99" name="Net-(U3-Pad16)">
      <node ref="U3" pin="16"/>
    </net>
    <net code="100" name="Net-(U3-Pad31)">
      <node ref="U3" pin="31"/>
    </net>
    <net code="101" name="Net-(U3-Pad10)">
      <node ref="U3" pin="10"/>
    </net>
    <net code="102" name="ESP_SDA">
      <node ref="R56" pin="2"/>
      <node ref="U11" pin="27"/>
      <node ref="U3" pin="33"/>
    </net>
    <net code="103" name="Net-(U3-Pad32)">
      <node ref="U3" pin="32"/>
    </net>
    <net code="104" name="OE">
      <node ref="U3" pin="30"/>
      <node ref="R47" pin="1"/>
      <node ref="U11" pin="23"/>
    </net>
    <net code="105" name="Net-(U3-Pad22)">
      <node ref="U3" pin="22"/>
    </net>
    <net code="106" name="Net-(U3-Pad21)">
      <node ref="U3" pin="21"/>
    </net>
    <net code="107" name="Net-(U3-Pad20)">
      <node ref="U3" pin="20"/>
    </net>
    <net code="108" name="Net-(U3-Pad19)">
      <node ref="U3" pin="19"/>
    </net>
    <net code="109" name="Net-(U3-Pad18)">
      <node ref="U3" pin="18"/>
    </net>
    <net code="110" name="Net-(U3-Pad17)">
      <node ref="U3" pin="17"/>
    </net>
    <net code="111" name="Net-(U3-Pad5)">
      <node ref="U3" pin="5"/>
    </net>
    <net code="112" name="Net-(U3-Pad4)">
      <node ref="U3" pin="4"/>
    </net>
    <net code="113" name="ESP_SCL">
      <node ref="U11" pin="26"/>
      <node ref="R55" pin="2"/>
      <node ref="U3" pin="36"/>
    </net>
    <net code="114" name="Net-(U11-Pad12)">
      <node ref="U11" pin="12"/>
    </net>
    <net code="115" name="Net-(U11-Pad13)">
      <node ref="U11" pin="13"/>
    </net>
    <net code="116" name="Net-(U11-Pad15)">
      <node ref="U11" pin="15"/>
    </net>
    <net code="117" name="Net-(U11-Pad16)">
      <node ref="U11" pin="16"/>
    </net>
    <net code="118" name="Net-(U11-Pad17)">
      <node ref="U11" pin="17"/>
    </net>
    <net code="119" name="Net-(U11-Pad18)">
      <node ref="U11" pin="18"/>
    </net>
    <net code="120" name="Net-(U11-Pad19)">
      <node ref="U11" pin="19"/>
    </net>
    <net code="121" name="Net-(U11-Pad20)">
      <node ref="U11" pin="20"/>
    </net>
    <net code="122" name="Net-(U11-Pad21)">
      <node ref="U11" pin="21"/>
    </net>
    <net code="123" name="Net-(U11-Pad22)">
      <node ref="U11" pin="22"/>
    </net>
    <net code="124" name="Net-(R49-Pad2)">
      <node ref="R49" pin="2"/>
      <node ref="U11" pin="6"/>
    </net>
    <net code="125" name="Net-(R42-Pad1)">
      <node ref="U11" pin="1"/>
      <node ref="R42" pin="1"/>
    </net>
    <net code="126" name="Net-(R53-Pad2)">
      <node ref="U11" pin="10"/>
      <node ref="R53" pin="2"/>
    </net>
    <net code="127" name="Net-(R54-Pad2)">
      <node ref="U11" pin="11"/>
      <node ref="R54" pin="2"/>
    </net>
    <net code="128" name="Net-(R52-Pad2)">
      <node ref="U11" pin="9"/>
      <node ref="R52" pin="2"/>
    </net>
    <net code="129" name="Net-(R50-Pad2)">
      <node ref="R50" pin="2"/>
      <node ref="U11" pin="7"/>
    </net>
    <net code="130" name="Net-(R51-Pad2)">
      <node ref="U11" pin="8"/>
      <node ref="R51" pin="2"/>
    </net>
    <net code="131" name="Net-(R44-Pad1)">
      <node ref="U11" pin="3"/>
      <node ref="R44" pin="1"/>
    </net>
    <net code="132" name="Net-(R45-Pad1)">
      <node ref="U11" pin="4"/>
      <node ref="R45" pin="1"/>
    </net>
    <net code="133" name="Net-(R46-Pad1)">
      <node ref="R46" pin="1"/>
      <node ref="U11" pin="5"/>
    </net>
    <net code="134" name="Net-(R43-Pad1)">
      <node ref="R43" pin="1"/>
      <node ref="U11" pin="2"/>
    </net>
    <net code="135" name="Net-(R48-Pad1)">
      <node ref="U11" pin="24"/>
      <node ref="R48" pin="1"/>
    </net>
  </nets>
</export>
